CREATE TABLE E (ID INTEGER NOT NULL, PRIMARY KEY (ID))
CREATE TABLE A (ID INTEGER NOT NULL, A_1 VARCHAR(255), A_2 VARCHAR(255), E_ID INTEGER, PRIMARY KEY (ID), FOREIGN KEY (E_ID) REFERENCES E(ID))
CREATE TABLE C (ID INTEGER NOT NULL, C_1 VARCHAR(255), C_2 VARCHAR(255), PRIMARY KEY (ID))
CREATE TABLE B (ID INTEGER NOT NULL, B_1 VARCHAR(255), B_2 VARCHAR(255), C_ID INTEGER, PRIMARY KEY (ID),FOREIGN KEY (C_ID) REFERENCES C(ID))
CREATE TABLE D (ID INTEGER NOT NULL, D_1 VARCHAR(255), D_2 INTEGER, D_3 INTEGER, PRIMARY KEY (ID))
CREATE TABLE C_D(ID INTEGER NOT NULL, C_ID INTEGER, D_ID INTEGER, FOREIGN KEY (C_ID) REFERENCES C(ID), FOREIGN KEY (D_ID) REFERENCES D(ID), PRIMARY KEY (ID))
INSERT INTO A (ID, A_1, A_2) VALUES (1000, 'A1-1000', 'A2-1000')
INSERT INTO A (ID, A_1, A_2) VALUES (1001, 'A1-1001', 'A2-1001')
INSERT INTO C (ID, C_1, C_2) VALUES (1000, 'C1-1000', 'C2-1000')
INSERT INTO C (ID, C_1, C_2) VALUES (1001, 'C1-1001', 'C2-1001')
INSERT INTO C (ID, C_1, C_2) VALUES (1002, 'C1-1002', 'C2-1002')
INSERT INTO C (ID, C_1, C_2) VALUES (1003, 'C1-1003', 'C2-1003')
INSERT INTO B (ID, B_1, B_2, C_ID) VALUES (1000, 'B1-1000', 'B2-1000', 1000)
INSERT INTO D (ID, D_1, D_2, D_3) VALUES (1000,'D1-1000',2,2)
INSERT INTO D (ID, D_1, D_2, D_3) VALUES (1001,'D1-1001',3,3)
INSERT INTO D (ID, D_1, D_2, D_3) VALUES (1002,'D1-1002',4,4)
INSERT INTO E (ID) VALUES (1000)
INSERT INTO A (ID, A_1, A_2, E_ID) VALUES (1002,'A1-1002', 'A2-1002', 1000)
INSERT INTO C_D (ID, C_ID, D_ID) VALUES (1000,1000,1000)
INSERT INTO C_D (ID, C_ID, D_ID) VALUES (1001,1000,1001)
INSERT INTO C_D (ID, C_ID, D_ID) VALUES (1002,1001,1002)
INSERT INTO C_D (ID, C_ID, D_ID) VALUES (1003,1002,1000)
INSERT INTO C_D (ID, C_ID, D_ID) VALUES (1004,1002,1001)
INSERT INTO C_D (ID, C_ID, D_ID) VALUES (1005,1002,1002)

